{"cameraMode":{"drawMode":0,"name":"Shaded","section":"Shading Mode"},"sceneLighting":true,"audioPlay":false,"sceneViewState":{"showFog":false,"showMaterialUpdate":false,"showSkybox":false,"showFlares":false,"showImageEffects":false,"showParticleSystems":false},"in2DMode":false,"pivot":{"x":-1.549871802330017,"y":-2.3528947830200197,"z":-2.2979648113250734},"rotation":{"x":-0.07583954185247421,"y":0.5164582133293152,"z":-0.045987509191036227,"w":-0.8517078161239624},"size":3.367203950881958,"orthographic":false}